;클래스id,PresetID,세션종료보너스,표시정보,모드버프1,모드버프2,액티브스킬,패시브스킬1,패시브스킬2,패시브스킬3,패시브스킬4,패시브스킬5,애드온1,애드온2,애드온3,애드온4,애드온5,페어링1,페어링2,페어링3,페어링4,페어링5,참조
40,1,-1,-1,-1,-1,-1,-1,-1,-1,-1,-1,-1,-1,-1,-1,-1,-1,-1,-1,-1,-1,게릴라군
41,1,-1,-1,-1,-1,-1,-1,-1,-1,-1,-1,-1,-1,-1,-1,-1,-1,-1,-1,-1,-1,피닉스 커넥션
42,1,-1,-1,-1,-1,-1,-1,-1,-1,-1,-1,-1,-1,-1,-1,-1,-1,-1,-1,-1,-1,엘리트 요원
43,1,-1,-1,-1,-1,-1,-1,-1,-1,-1,-1,-1,-1,-1,-1,-1,-1,-1,-1,-1,-1,아틱 어벤저
44,1,-1,-1,-1,-1,-1,-1,-1,-1,-1,-1,-1,-1,-1,-1,-1,-1,-1,-1,-1,-1,민병대
45,1,-1,-1,-1,-1,-1,-1,-1,-1,-1,-1,-1,-1,-1,-1,-1,-1,-1,-1,-1,-1,적모병
46,1,9717,-1,-1,-1,-1,-1,-1,-1,-1,-1,-1,-1,-1,-1,-1,-1,-1,-1,-1,-1,자경단
47,1,9715,-1,-1,-1,-1,-1,-1,-1,-1,-1,-1,-1,-1,-1,-1,-1,-1,-1,-1,-1,민족 해방 운동
48,1,9717,-1,-1,-1,-1,-1,-1,-1,-1,-1,-1,-1,-1,-1,-1,-1,-1,-1,-1,-1,아시아 적군파
49,1,-1,-1,-1,-1,-1,-1,-1,-1,-1,-1,-1,-1,-1,-1,-1,-1,-1,-1,-1,-1,씰 팀 6
50,1,-1,-1,-1,-1,-1,-1,-1,-1,-1,-1,-1,-1,-1,-1,-1,-1,-1,-1,-1,-1,GSG-9
51,1,-1,-1,-1,-1,-1,-1,-1,-1,-1,-1,-1,-1,-1,-1,-1,-1,-1,-1,-1,-1,GIGN
52,1,-1,-1,-1,-1,-1,-1,-1,-1,-1,-1,-1,-1,-1,-1,-1,-1,-1,-1,-1,-1,SAS
53,1,-1,-1,-1,-1,-1,-1,-1,-1,-1,-1,-1,-1,-1,-1,-1,-1,-1,-1,-1,-1,스페츠나츠
54,1,-1,-1,-1,-1,-1,-1,-1,-1,-1,-1,-1,-1,-1,-1,-1,-1,-1,-1,-1,-1,한국 707 특임대
55,1,9717,-1,-1,-1,-1,-1,-1,-1,-1,-1,-1,-1,-1,-1,-1,-1,-1,-1,-1,-1,대만 벽력소조
56,1,9715,-1,-1,-1,-1,-1,-1,-1,-1,-1,-1,-1,-1,-1,-1,-1,-1,-1,-1,-1,중국 마귀반
57,1,9715,-1,-1,-1,-1,-1,-1,-1,-1,-1,-1,-1,-1,-1,-1,-1,-1,-1,-1,-1,일본 SAT
150,1,-1,-1,-1,-1,-1,-1,-1,-1,-1,-1,-1,-1,-1,-1,-1,-1,-1,-1,-1,-1,크리스
151,1,-1,-1,-1,-1,-1,-1,-1,-1,-1,-1,-1,-1,-1,-1,-1,-1,-1,-1,-1,-1,나타샤
152,1,9719,-1,-1,-1,-1,-1,-1,-1,-1,-1,-1,-1,-1,-1,-1,-1,-1,-1,-1,-1,최지윤
153,1,-1,-1,-1,-1,-1,-1,-1,-1,-1,-1,-1,-1,-1,-1,-1,-1,-1,-1,-1,-1,제니퍼(단복)
154,1,9719,-1,-1,-1,-1,-1,-1,-1,-1,-1,-1,-1,-1,-1,-1,-1,-1,-1,-1,-1,리트슈카
155,1,-1,-1,-1,-1,-1,-1,-1,-1,-1,-1,-1,-1,-1,-1,-1,-1,-1,-1,-1,-1,유리
253,1,9718,-1,-1,-1,-1,-1,-1,-1,-1,-1,-1,-1,-1,-1,-1,-1,-1,-1,-1,-1,제라드
254,1,9718,-1,-1,-1,-1,-1,-1,-1,-1,-1,-1,-1,-1,-1,-1,-1,-1,-1,-1,-1,데이비드 블랙
316,1,-1,-1,-1,-1,-1,-1,-1,-1,-1,-1,-1,-1,-1,-1,-1,-1,-1,-1,-1,-1,맥스 태커(유니폼)
317,1,-1,-1,-1,-1,-1,-1,-1,-1,-1,-1,-1,-1,-1,-1,-1,-1,-1,-1,-1,-1,아시아 적군파(유니폼)
318,1,-1,-1,-1,-1,-1,-1,-1,-1,-1,-1,-1,-1,-1,-1,-1,-1,-1,-1,-1,-1,최지윤(유니폼)
319,1,-1,-1,-1,-1,-1,-1,-1,-1,-1,-1,-1,-1,-1,-1,-1,-1,-1,-1,-1,-1,유리(유니폼)
328,1,9716,-1,-1,-1,-1,-1,-1,-1,-1,-1,-1,-1,-1,-1,-1,-1,-1,-1,-1,-1,메이
329,1,9716,-1,-1,-1,-1,-1,-1,-1,-1,-1,-1,-1,-1,-1,-1,-1,-1,-1,-1,-1,에리카
360,1,-1,-1,-1,-1,-1,-1,-1,-1,-1,-1,-1,-1,-1,-1,-1,-1,-1,-1,-1,-1,앨리스(레드)
361,1,-1,-1,-1,-1,-1,-1,-1,-1,-1,-1,-1,-1,-1,-1,-1,-1,-1,-1,-1,-1,앨리스(블루)
362,1,-1,-1,-1,-1,-1,-1,-1,-1,-1,-1,-1,-1,-1,-1,-1,-1,-1,-1,-1,-1,SAF 스카우터
376,1,-1,-1,-1,-1,-1,-1,-1,-1,-1,-1,-1,-1,-1,-1,-1,-1,-1,-1,-1,-1,키스 아이칸
377,1,-1,-1,-1,-1,-1,-1,-1,-1,-1,-1,-1,-1,-1,-1,-1,-1,-1,-1,-1,-1,스페이드
392,1,-1,-1,-1,-1,-1,-1,-1,-1,-1,-1,-1,-1,-1,-1,-1,-1,-1,-1,-1,-1,페르난도
393,1,-1,-1,-1,-1,-1,-1,-1,-1,-1,-1,-1,-1,-1,-1,-1,-1,-1,-1,-1,-1,블레어
418,1,-1,-1,-1,-1,-1,-1,-1,-1,-1,-1,-1,-1,-1,-1,-1,-1,-1,-1,-1,-1,엔조
419,1,-1,-1,-1,-1,-1,-1,-1,-1,-1,-1,-1,-1,-1,-1,-1,-1,-1,-1,-1,-1,루시아
425,1,-1,-1,-1,-1,-1,-1,-1,-1,-1,-1,-1,-1,-1,-1,-1,-1,-1,-1,-1,-1,나타샤(캐주얼)
426,1,-1,-1,-1,-1,-1,-1,-1,-1,-1,-1,-1,-1,-1,-1,-1,-1,-1,-1,-1,-1,제니퍼(단복)
432,1,-1,-1,-1,-1,-1,-1,-1,-1,-1,-1,-1,-1,-1,-1,-1,-1,-1,-1,-1,-1,레이븐
433,1,-1,-1,-1,-1,-1,-1,-1,-1,-1,-1,-1,-1,-1,-1,-1,-1,-1,-1,-1,-1,미카엘라
510,1,9716,-1,-1,-1,-1,-1,-1,-1,-1,-1,-1,-1,-1,-1,-1,-1,-1,-1,-1,-1,유리 LE
511,1,9716,-1,-1,-1,-1,-1,-1,-1,-1,-1,-1,-1,-1,-1,-1,-1,-1,-1,-1,-1,앨리스 LE
592,1,9716,-1,-1,-1,-1,-1,-1,-1,-1,-1,-1,-1,-1,-1,-1,-1,-1,-1,-1,-1,발터
593,1,9716,-1,-1,-1,-1,-1,-1,-1,-1,-1,-1,-1,-1,-1,-1,-1,-1,-1,-1,-1,칼리토
668,1,9716,-1,-1,-1,-1,-1,-1,-1,-1,-1,-1,-1,-1,-1,-1,-1,-1,-1,-1,-1,최지윤 LE
669,1,9716,-1,-1,-1,-1,-1,-1,-1,-1,-1,-1,-1,-1,-1,-1,-1,-1,-1,-1,-1,미카엘라 LE
678,1,9719,-1,-1,-1,-1,-1,-1,-1,-1,-1,-1,-1,-1,-1,-1,-1,-1,-1,-1,-1,링링
692,1,9719,-1,-1,-1,-1,-1,-1,-1,-1,-1,-1,-1,-1,-1,-1,-1,-1,-1,-1,-1,이자벨
709,1,9716,-1,-1,-1,-1,-1,-1,-1,-1,-1,-1,-1,-1,-1,-1,-1,-1,-1,-1,-1,헨리
710,1,9716,-1,-1,-1,-1,-1,-1,-1,-1,-1,-1,-1,-1,-1,-1,-1,-1,-1,-1,-1,건스미스
729,1,9719,-1,-1,-1,-1,-1,-1,-1,-1,-1,-1,-1,-1,-1,-1,-1,-1,-1,-1,-1,아린
735,1,9719,-1,-1,-1,-1,-1,-1,-1,-1,-1,-1,-1,-1,-1,-1,-1,-1,-1,-1,-1,도미닉
759,1,9716,-1,-1,-1,-1,-1,-1,-1,-1,-1,-1,-1,-1,-1,-1,-1,-1,-1,-1,-1,안소이
760,1,9716,-1,-1,-1,-1,-1,-1,-1,-1,-1,-1,-1,-1,-1,-1,-1,-1,-1,-1,-1,짐
777,1,9716,-1,-1,-1,-1,-1,-1,-1,-1,-1,-1,-1,-1,-1,-1,-1,-1,-1,-1,-1,하리
778,1,9716,-1,-1,-1,-1,-1,-1,-1,-1,-1,-1,-1,-1,-1,-1,-1,-1,-1,-1,-1,키릭스
799,1,9716,-1,-1,-1,-1,-1,-1,-1,-1,-1,-1,-1,-1,-1,-1,-1,-1,-1,-1,-1,진세연(CT)
800,1,9716,-1,-1,-1,-1,-1,-1,-1,-1,-1,-1,-1,-1,-1,-1,-1,-1,-1,-1,-1,진세연(TR)
801,1,9716,-1,-1,-1,-1,-1,-1,-1,-1,-1,-1,-1,-1,-1,-1,-1,-1,-1,-1,-1,Dr.한
802,1,9716,-1,-1,-1,-1,-1,-1,-1,-1,-1,-1,-1,-1,-1,-1,-1,-1,-1,-1,-1,제니
817,1,9716,-1,-1,-1,-1,-1,-1,-1,-1,-1,-1,-1,-1,-1,-1,-1,-1,-1,-1,-1,레베카
818,1,9716,-1,-1,-1,-1,-1,-1,-1,-1,-1,-1,-1,-1,-1,-1,-1,-1,-1,-1,-1,에이스
925,1,-1,-1,-1,-1,-1,-1,-1,-1,-1,-1,-1,-1,-1,-1,-1,-1,-1,-1,-1,-1,빅토르
932,1,-1,-1,-1,-1,-1,-1,-1,-1,-1,-1,-1,-1,-1,-1,-1,-1,-1,-1,-1,-1,이안
933,1,-1,-1,-1,-1,-1,-1,-1,-1,-1,-1,-1,-1,-1,-1,-1,-1,-1,-1,-1,-1,유웨이
943,1,9720,9722,9724,-1,-1,-1,-1,-1,-1,-1,-1,-1,-1,-1,-1,-1,-1,-1,-1,-1,도로시 다크나이트
944,1,9720,9722,9724,-1,-1,-1,-1,-1,-1,-1,-1,-1,-1,-1,-1,-1,-1,-1,-1,-1,플로라 팔라딘
1055,1,9720,9722,9724,-1,-1,-1,-1,-1,-1,-1,-1,-1,-1,-1,-1,-1,-1,-1,-1,-1,초월 최지윤
1056,1,9720,9722,9724,-1,-1,-1,-1,-1,-1,-1,-1,-1,-1,-1,-1,-1,-1,-1,-1,-1,초월 유리
8084,1,9720,9722,9724,-1,-1,-1,-1,-1,-1,-1,-1,-1,-1,-1,-1,-1,-1,-1,-1,-1,소냐 라이칸스로프
8085,1,9720,9722,9724,-1,-1,-1,-1,-1,-1,-1,-1,-1,-1,-1,-1,-1,-1,-1,-1,-1,엘리자베스 크림슨헌터
8107,1,9720,9722,9724,-1,-1,-1,-1,-1,-1,-1,-1,-1,-1,-1,-1,-1,-1,-1,-1,-1,초월 미카엘라
8128,1,9719,-1,-1,-1,-1,-1,-1,-1,-1,-1,-1,-1,-1,-1,-1,-1,-1,-1,-1,-1,리사
8129,1,9719,-1,-1,-1,-1,-1,-1,-1,-1,-1,-1,-1,-1,-1,-1,-1,-1,-1,-1,-1,밀라
8134,1,9720,9722,9724,-1,-1,-1,-1,-1,-1,-1,-1,-1,-1,-1,-1,-1,-1,-1,-1,-1,초월 페르난도
8135,1,9720,9722,9724,-1,-1,-1,-1,-1,-1,-1,-1,-1,-1,-1,-1,-1,-1,-1,-1,-1,초월 블레어
8167,1,9720,9722,9724,-1,-1,-1,-1,-1,-1,-1,-1,-1,-1,-1,-1,-1,-1,-1,-1,-1,로즈 피닉스
8179,1,-1,-1,-1,-1,-1,-1,-1,-1,-1,-1,-1,-1,-1,-1,-1,-1,-1,-1,-1,-1,특수전 루시아
8180,1,-1,-1,-1,-1,-1,-1,-1,-1,-1,-1,-1,-1,-1,-1,-1,-1,-1,-1,-1,-1,해적 미카엘라
8195,1,9720,9721,9724,9725,9728,-1,-1,-1,-1,-1,-1,-1,-1,-1,-1,-1,-1,-1,-1,-1,액시온
8196,1,9720,9721,9724,9725,9727,-1,-1,-1,-1,-1,-1,-1,-1,-1,-1,-1,-1,-1,-1,-1,아이테리스
8209,1,-1,-1,-1,-1,-1,-1,-1,-1,-1,-1,-1,-1,-1,-1,-1,-1,-1,-1,-1,-1,무법자 데이비드
8210,1,-1,-1,-1,-1,-1,-1,-1,-1,-1,-1,-1,-1,-1,-1,-1,-1,-1,-1,-1,-1,보안관 제라드
8223,1,9720,9722,9724,9725,9730,-1,-1,-1,-1,-1,-1,-1,-1,-1,-1,-1,-1,-1,-1,-1,메데이아
8224,1,9720,9722,9724,9725,9729,-1,-1,-1,-1,-1,-1,-1,-1,-1,-1,-1,-1,-1,-1,-1,칼라엘
8239,1,-1,-1,-1,-1,-1,-1,-1,-1,-1,-1,-1,-1,-1,-1,-1,-1,-1,-1,-1,-1,안전요원 도미닉
8240,1,-1,-1,-1,-1,-1,-1,-1,-1,-1,-1,-1,-1,-1,-1,-1,-1,-1,-1,-1,-1,바캉스 아린
8251,1,9720,9722,9724,9725,9731,-1,-1,-1,-1,-1,-1,-1,-1,-1,-1,-1,-1,-1,-1,-1,핑크하트 시호
8252,1,9720,9722,9724,9725,9731,-1,-1,-1,-1,-1,-1,-1,-1,-1,-1,-1,-1,-1,-1,-1,블랙로즈 미호
8269,1,-1,-1,-1,-1,-1,-1,-1,-1,-1,-1,-1,-1,-1,-1,-1,-1,-1,-1,-1,-1,잭 더 리퍼 헨리
8270,1,-1,-1,-1,-1,-1,-1,-1,-1,-1,-1,-1,-1,-1,-1,-1,-1,-1,-1,-1,-1,유령신부 리트슈카
8287,1,9720,9722,9724,9725,9733,-1,-1,-1,-1,-1,-1,-1,-1,-1,-1,-1,-1,-1,-1,-1,퀸
8288,1,9720,9722,9724,9725,9732,-1,-1,-1,-1,-1,-1,-1,-1,-1,-1,-1,-1,-1,-1,-1,사이보그
8335,1,9720,9723,9724,9725,-1,-1,-1,-1,-1,-1,-1,-1,-1,-1,-1,9825,-1,-1,-1,-1,이창
8336,1,9720,9723,9724,9725,-1,-1,-1,-1,-1,-1,-1,-1,-1,-1,-1,9824,-1,-1,-1,-1,영신
8352,1,9720,9722,9724,9725,9734,-1,-1,-1,-1,-1,-1,-1,-1,-1,-1,9827,-1,-1,-1,-1,훈련병 에리카
8353,1,9720,9722,9724,9725,9734,-1,-1,-1,-1,-1,-1,-1,-1,-1,-1,9826,-1,-1,-1,-1,교관 제라드
8418,1,9720,9722,9724,9725,9735,-1,-1,-1,-1,-1,-1,-1,-1,-1,-1,9830,-1,-1,-1,-1,보스 데이비드 블랙
8419,1,9720,9722,9724,9725,9735,-1,-1,-1,-1,-1,-1,-1,-1,-1,-1,9829,-1,-1,-1,-1,특수요원 크리스
8439,1,9720,9722,9724,9725,9737,-1,-1,-1,-1,-1,-1,-1,-1,-1,-1,9832,-1,-1,-1,-1,슈퍼 솔져 제니퍼
8440,1,9720,9722,9724,9725,9736,-1,-1,-1,-1,-1,-1,-1,-1,-1,-1,9831,-1,-1,-1,-1,리더 안소이
8488,1,9720,9722,9724,9725,9738,-1,-1,-1,-1,-1,-1,-1,-1,-1,-1,9834,-1,-1,-1,-1,용기사 키릭스
8489,1,9720,9722,9724,9725,9739,-1,-1,-1,-1,-1,-1,-1,-1,-1,-1,9833,-1,-1,-1,-1,하이엘프 나타샤
8526,1,9720,9722,9724,9725,9740,-1,-1,-1,-1,-1,-1,-1,-1,-1,-1,9836,-1,-1,-1,-1,아네모네
8527,1,9720,9722,9724,9725,9741,-1,-1,-1,-1,-1,-1,-1,-1,-1,-1,9835,-1,-1,-1,-1,미라주
8559,1,9720,9722,9724,9725,9742,-1,-1,-1,-1,-1,-1,-1,-1,-1,-1,9838,-1,-1,-1,-1,이스마엘
8560,1,9720,9722,9724,9725,9743,-1,-1,-1,-1,-1,-1,-1,-1,-1,-1,9837,-1,-1,-1,-1,에단
8572,1,9720,9722,9724,9725,9744,-1,-1,-1,-1,-1,-1,-1,-1,-1,-1,9840,-1,-1,-1,-1,로미
8573,1,9720,9722,9724,9725,9745,-1,-1,-1,-1,-1,-1,-1,-1,-1,-1,9839,-1,-1,-1,-1,로이
8629,1,9720,9722,9724,9725,9746,-1,-1,-1,-1,-1,9822,-1,-1,-1,-1,9828,-1,-1,-1,-1,팝스타 아린
8630,1,9720,9722,9724,9725,9747,-1,-1,-1,-1,-1,9799,-1,-1,-1,-1,9828,-1,-1,-1,-1,에이전트 리트슈카
8659,1,9720,9722,9724,9725,9748,9782,9785,-1,-1,-1,9810,-1,-1,-1,-1,9842,-1,-1,-1,-1,카이
8660,1,9720,9722,9724,9725,9749,9782,9785,-1,-1,-1,9821,-1,-1,-1,-1,9841,-1,-1,-1,-1,린
8703,1,9720,9722,9724,9725,9750,9789,9788,-1,-1,-1,9818,-1,-1,-1,-1,9844,-1,-1,-1,-1,스마일 메리
8704,1,9720,9722,9724,9725,9751,9786,9787,-1,-1,-1,9806,-1,-1,-1,-1,9843,-1,-1,-1,-1,불사신 에릭
8747,1,9720,9721,9724,9725,9752,-1,-1,-1,-1,-1,9805,-1,-1,-1,-1,9846,-1,-1,-1,-1,녹스
8748,1,9720,9721,9724,9725,9753,-1,-1,-1,-1,-1,9814,-1,-1,-1,-1,9845,-1,-1,-1,-1,스카디
8813,1,9720,9721,9724,9725,9754,-1,-1,-1,-1,-1,9811,-1,-1,-1,-1,9848,-1,-1,-1,-1,폭탄광 유리
8814,1,9720,9721,9724,9725,9755,-1,-1,-1,-1,-1,9809,-1,-1,-1,-1,9847,-1,-1,-1,-1,특수요원 메이
8857,1,9720,9722,9724,9725,9756,-1,-1,-1,-1,-1,9803,-1,-1,-1,-1,9850,-1,-1,-1,-1,알파카 아네모네
8858,1,9720,9722,9724,9725,9757,-1,-1,-1,-1,-1,9813,-1,-1,-1,-1,9849,-1,-1,-1,-1,블루래빗 미라주
8903,1,9720,9722,9724,9725,9758,9780,9783,-1,-1,-1,9799,-1,-1,-1,-1,9852,-1,-1,-1,-1,여왕 이스마엘
8904,1,9720,9721,9724,9725,9759,9780,9783,-1,-1,-1,9821,-1,-1,-1,-1,9851,-1,-1,-1,-1,집사 파우스트
8932,1,9720,9721,9724,9725,9760,9780,9783,-1,-1,-1,9802,-1,-1,-1,-1,9854,-1,-1,-1,-1,아이돌 시호
8933,1,9720,9721,9724,9725,9760,9780,9783,-1,-1,-1,9801,-1,-1,-1,-1,9853,-1,-1,-1,-1,아이돌 미호
8952,1,9720,9722,9724,9725,9761,9780,9783,-1,-1,-1,9817,-1,-1,-1,-1,9855,-1,-1,-1,-1,페이
8988,1,9720,9722,9724,9725,9762,9781,9784,-1,-1,-1,9808,-1,-1,-1,-1,9857,-1,-1,-1,-1,글라디우스
8989,1,9720,9721,9724,9725,9763,9781,9784,-1,-1,-1,9818,-1,-1,-1,-1,9856,-1,-1,-1,-1,샤오밍
9025,1,9720,9722,9724,9725,9764,9781,9784,-1,-1,-1,9805,-1,-1,-1,-1,9859,-1,-1,-1,-1,안젤리나
9026,1,9720,9721,9724,9725,9765,9781,9784,-1,-1,-1,9799,-1,-1,-1,-1,9858,-1,-1,-1,-1,에비타
9055,1,9720,9722,9724,9725,9766,9781,9784,-1,-1,-1,9802,-1,-1,-1,-1,9861,-1,-1,-1,-1,카린
9056,1,9720,9722,9724,9725,9767,9781,9784,-1,-1,-1,9812,-1,-1,-1,-1,9860,-1,-1,-1,-1,밀리아
9127,1,9720,9721,9724,9725,9768,9781,9784,-1,-1,-1,9810,-1,-1,-1,-1,9863,-1,-1,-1,-1,길잡이 리트슈카
9128,1,9720,9722,9724,9725,9769,9781,9784,-1,-1,-1,9803,-1,-1,-1,-1,9862,-1,-1,-1,-1,귀공녀 최지윤
9220,1,9720,9721,9724,9725,9770,9781,9784,-1,-1,-1,9818,-1,-1,-1,-1,9864,-1,-1,-1,-1,헤드라이너 링링
9221,1,9720,9722,9724,9725,9771,9781,9784,-1,-1,-1,9801,-1,-1,-1,-1,9865,-1,-1,-1,-1,챔피언 이자벨
9289,1,9720,9721,9724,9725,9772,9781,9784,-1,-1,-1,9817,-1,-1,-1,-1,9867,-1,-1,-1,-1,에이미
9290,1,9720,9722,9724,9725,9773,9781,9784,-1,-1,-1,9803,-1,-1,-1,-1,9866,-1,-1,-1,-1,파블로
9394,1,9720,9722,9724,9725,9774,9781,9784,-1,-1,-1,9802,-1,-1,-1,-1,-1,-1,-1,-1,-1,피의 마녀 블러디
9395,1,9720,9721,9724,9725,9775,9781,9784,-1,-1,-1,9808,-1,-1,-1,-1,-1,-1,-1,-1,-1,밤의 마녀 루나
9536,1,9720,9722,9724,9725,9776,9781,9784,-1,-1,-1,9796,-1,-1,-1,-1,-1,-1,-1,-1,-1,아비아
9537,1,9720,9721,9724,9725,9777,9781,9784,-1,-1,-1,9810,-1,-1,-1,-1,-1,-1,-1,-1,-1,그라시아
9588,1,9720,9722,9724,9725,9778,9781,9784,-1,-1,-1,9805,-1,-1,-1,-1,9873,-1,-1,-1,-1,현린
9711,1,9720,9722,9724,9725,9756,9781,9784,-1,-1,-1,9803,-1,-1,-1,-1,-1,-1,-1,-1,-1,챠오루
9889,1,9720,9721,9724,9725,9892,9781,9784,-1,-1,-1,9806,-1,-1,-1,-1,9893,-1,-1,-1,-1,비비안
