;ProductId,RN,price,begintime, endtime, Totalcount, PersonalCount,PersonalDailyCount, saleRate, SaleBeginTime, SaleEndtime, tag, ItemID1,num1,day1,Accuracy,Damage,KickBack,Weight,FireRate,Ammo,Parts1,Parts2,PaintCnt,Paintid1,Paintid2,Paintid3
55031801,9655,300,0,0,0,0,0,0,0,0,2,9655,1,0,0,0,0,0,0,0,0,0,0,0,0,0
55031802,9586,300,0,0,0,0,0,0,0,0,0,9586,1,0,0,0,0,0,0,0,0,0,0,0,0,0
55031803,9413,300,0,0,0,0,0,0,0,0,0,9413,1,0,0,0,0,0,0,0,0,0,0,0,0,0
55031804,9271,300,0,0,0,0,0,0,0,0,0,9271,1,0,0,0,0,0,0,0,0,0,0,0,0,0
55031805,9205,300,0,0,0,0,0,0,0,0,0,9205,1,0,0,0,0,0,0,0,0,0,0,0,0,0
55031806,9099,300,0,0,0,0,0,0,0,0,0,9099,1,0,0,0,0,0,0,0,0,0,0,0,0,0
55031807,9033,300,0,0,0,0,0,0,0,0,0,9033,1,0,0,0,0,0,0,0,0,0,0,0,0,0
55031808,8964,300,0,0,0,0,0,0,0,0,0,8964,1,0,0,0,0,0,0,0,0,0,0,0,0,0
55031809,8928,300,0,0,0,0,0,0,0,0,0,8928,1,0,0,0,0,0,0,0,0,0,0,0,0,0
55031810,8862,300,0,0,0,0,0,0,0,0,0,8862,1,0,0,0,0,0,0,0,0,0,0,0,0,0
55031811,8809,300,0,0,0,0,0,0,0,0,0,8809,1,0,0,0,0,0,0,0,0,0,0,0,0,0
55031812,8693,300,0,0,0,0,0,0,0,0,0,8693,1,0,0,0,0,0,0,0,0,0,0,0,0,0
55031813,8644,300,0,0,0,0,0,0,0,0,0,8644,1,0,0,0,0,0,0,0,0,0,0,0,0,0
55031814,8556,300,0,0,0,0,0,0,0,0,0,8556,1,0,0,0,0,0,0,0,0,0,0,0,0,0
55031815,8492,300,0,0,0,0,0,0,0,0,0,8492,1,0,0,0,0,0,0,0,0,0,0,0,0,0
55031816,8735,300,0,0,0,0,0,0,0,0,0,8735,1,0,0,0,0,0,0,0,0,0,0,0,0,0
55031817,8496,300,0,0,0,0,0,0,0,0,0,8496,1,0,0,0,0,0,0,0,0,0,0,0,0,0
55031818,9423,30,0,0,0,0,0,0,0,0,2,9423,1,2,0,0,0,0,0,0,4005,4010,0,0,0,0
55031819,9426,30,0,0,0,0,0,0,0,0,2,9426,1,2,0,0,0,0,0,0,0,0,0,0,0,0
55031820,9425,30,0,0,0,0,0,0,0,0,2,9425,1,2,0,0,0,0,0,0,0,0,0,0,0,0
55031821,9424,30,0,0,0,0,0,0,0,0,2,9424,1,2,0,0,0,0,0,0,0,0,0,0,0,0
55031822,9281,30,0,0,0,0,0,0,0,0,0,9281,1,2,0,0,0,0,0,0,4005,4050,0,0,0,0
55031823,9284,30,0,0,0,0,0,0,0,0,0,9284,1,2,0,0,0,0,0,0,0,0,0,0,0,0
55031824,9282,30,0,0,0,0,0,0,0,0,0,9282,1,2,0,0,0,0,0,0,0,0,0,0,0,0
55031825,9283,30,0,0,0,0,0,0,0,0,0,9283,1,2,0,0,0,0,0,0,0,0,0,0,0,0
55031826,9195,30,0,0,0,0,0,0,0,0,0,9195,1,2,0,0,0,0,0,0,4050,4025,0,0,0,0
55031827,9196,30,0,0,0,0,0,0,0,0,0,9196,1,2,0,0,0,0,0,0,0,0,0,0,0,0
55031828,9197,30,0,0,0,0,0,0,0,0,0,9197,1,2,0,0,0,0,0,0,0,0,0,0,0,0
55031829,9198,30,0,0,0,0,0,0,0,0,0,9198,1,2,0,0,0,0,0,0,0,0,0,0,0,0
55031830,9093,30,0,0,0,0,0,0,0,0,0,9093,1,2,0,0,0,0,0,0,4005,4025,0,0,0,0
55031831,9108,30,0,0,0,0,0,0,0,0,0,9108,1,2,0,0,0,0,0,0,0,0,0,0,0,0
55031832,9109,30,0,0,0,0,0,0,0,0,0,9109,1,2,0,0,0,0,0,0,0,0,0,0,0,0
55031833,9110,30,0,0,0,0,0,0,0,0,0,9110,1,2,0,0,0,0,0,0,0,0,0,0,0,0
55031834,9013,30,0,0,0,0,0,0,0,0,0,9013,1,2,0,0,0,0,0,0,4005,4025,0,0,0,0
55031835,9024,30,0,0,0,0,0,0,0,0,0,9024,1,2,0,0,0,0,0,0,0,0,0,0,0,0
55031836,9023,30,0,0,0,0,0,0,0,0,0,9023,1,2,0,0,0,0,0,0,0,0,0,0,0,0
55031837,9022,30,0,0,0,0,0,0,0,0,0,9022,1,2,0,0,0,0,0,0,0,0,0,0,0,0
55031838,8956,30,0,0,0,0,0,0,0,0,0,8956,1,2,0,0,0,0,0,0,4005,4050,0,0,0,0
55031839,8974,30,0,0,0,0,0,0,0,0,0,8974,1,2,0,0,0,0,0,0,0,0,0,0,0,0
55031840,8975,30,0,0,0,0,0,0,0,0,0,8975,1,2,0,0,0,0,0,0,0,0,0,0,0,0
55031841,8976,30,0,0,0,0,0,0,0,0,0,8976,1,2,0,0,0,0,0,0,0,0,0,0,0,0
55031842,8913,30,0,0,0,0,0,0,0,0,0,8913,1,2,0,0,0,0,0,0,4005,4050,0,0,0,0
55031843,8914,30,0,0,0,0,0,0,0,0,0,8914,1,2,0,0,0,0,0,0,0,0,0,0,0,0
55031844,8915,30,0,0,0,0,0,0,0,0,0,8915,1,2,0,0,0,0,0,0,0,0,0,0,0,0
55031845,8916,30,0,0,0,0,0,0,0,0,0,8916,1,2,0,0,0,0,0,0,0,0,0,0,0,0
55031846,8850,30,0,0,0,0,0,0,0,0,0,8850,1,2,0,0,0,0,0,0,4005,4050,0,0,0,0
55031847,8847,30,0,0,0,0,0,0,0,0,0,8847,1,2,0,0,0,0,0,0,0,0,0,0,0,0
55031848,8848,30,0,0,0,0,0,0,0,0,0,8848,1,2,0,0,0,0,0,0,0,0,0,0,0,0
55031849,8849,30,0,0,0,0,0,0,0,0,0,8849,1,2,0,0,0,0,0,0,0,0,0,0,0,0
55031850,8780,30,0,0,0,0,0,0,0,0,0,8780,1,2,0,0,0,0,0,0,4005,4050,0,0,0,0
55031851,8781,30,0,0,0,0,0,0,0,0,0,8781,1,2,0,0,0,0,0,0,0,0,0,0,0,0
55031852,8782,30,0,0,0,0,0,0,0,0,0,8782,1,2,0,0,0,0,0,0,0,0,0,0,0,0
55031853,8783,30,0,0,0,0,0,0,0,0,0,8783,1,2,0,0,0,0,0,0,0,0,0,0,0,0
55031854,8717,30,0,0,0,0,0,0,0,0,0,8717,1,2,0,0,0,0,0,0,4005,4025,0,0,0,0
55031855,8719,30,0,0,0,0,0,0,0,0,0,8719,1,2,0,0,0,0,0,0,4025,4085,0,0,0,0
55031856,8718,30,0,0,0,0,0,0,0,0,0,8718,1,2,0,0,0,0,0,0,4005,4025,0,0,0,0
55031857,8669,30,0,0,0,0,0,0,0,0,0,8669,1,2,0,0,0,0,0,0,4025,4010,0,0,0,0
55031858,8670,30,0,0,0,0,0,0,0,0,0,8670,1,2,0,0,0,0,0,0,4025,4050,0,0,0,0
55031859,8668,30,0,0,0,0,0,0,0,0,0,8668,1,2,0,0,0,0,0,0,4005,4040,0,0,0,0
55031860,8633,30,0,0,0,0,0,0,0,0,0,8633,1,2,0,0,0,0,0,0,4015,4025,0,0,0,0
55031861,8635,30,0,0,0,0,0,0,0,0,0,8635,1,2,0,0,0,0,0,0,4005,4040,0,0,0,0
55031862,8634,30,0,0,0,0,0,0,0,0,0,8634,1,2,0,0,0,0,0,0,4015,4050,0,0,0,0
55031863,8505,30,0,0,0,0,0,0,0,0,0,8505,1,2,0,0,0,0,0,0,4005,4025,0,0,0,0
55031864,8539,30,0,0,0,0,0,0,0,0,0,8539,1,2,0,0,0,0,0,0,4005,4050,0,0,0,0
55031865,8582,30,0,0,0,0,0,0,0,0,0,8582,1,2,0,0,0,0,0,0,4005,4050,0,0,0,0
55031866,9422,30,0,0,0,0,0,0,0,0,2,9422,1,5,0,0,0,0,0,0,0,0,0,0,0,0
55031867,9280,30,0,0,0,0,0,0,0,0,0,9280,1,5,0,0,0,0,0,0,0,0,0,0,0,0
55031868,9194,30,0,0,0,0,0,0,0,0,0,9194,1,5,0,0,0,0,0,0,0,0,0,0,0,0
55031869,9103,30,0,0,0,0,0,0,0,0,0,9103,1,5,0,0,0,0,0,0,0,0,0,0,0,0
55031870,9021,30,0,0,0,0,0,0,0,0,0,9021,1,5,0,0,0,0,0,0,0,0,0,0,0,0
55031871,8973,30,0,0,0,0,0,0,0,0,0,8973,1,5,0,0,0,0,0,0,0,0,0,0,0,0
55031872,8925,30,0,0,0,0,0,0,0,0,0,8925,1,5,0,0,0,0,0,0,0,0,0,0,0,0
55031873,8840,30,0,0,0,0,0,0,0,0,0,8840,1,5,0,0,0,0,0,0,0,0,0,0,0,0
55031874,8808,30,0,0,0,0,0,0,0,0,0,8808,1,5,0,0,0,0,0,0,0,0,0,0,0,0
55031875,524,30,0,0,0,0,0,0,0,0,0,524,1,5,0,0,0,0,0,0,0,0,0,0,0,0
55031876,8506,30,0,0,0,0,0,0,0,0,0,8506,1,5,0,0,0,0,0,0,0,0,0,0,0,0
55031877,8507,30,0,0,0,0,0,0,0,0,0,8507,1,5,0,0,0,0,0,0,0,0,0,0,0,0
55031878,8540,30,0,0,0,0,0,0,0,0,0,8540,1,5,0,0,0,0,0,0,0,0,0,0,0,0
55031879,8541,30,0,0,0,0,0,0,0,0,0,8541,1,5,0,0,0,0,0,0,0,0,0,0,0,0
55031880,8583,30,0,0,0,0,0,0,0,0,0,8583,1,5,0,0,0,0,0,0,0,0,0,0,0,0
55031881,8584,30,0,0,0,0,0,0,0,0,0,8584,1,5,0,0,0,0,0,0,0,0,0,0,0,0
55031882,374,30,0,0,0,0,0,0,0,0,0,374,1,5,0,0,0,0,0,0,0,0,0,0,0,0
55031883,362,30,0,0,0,0,0,0,0,0,0,362,1,5,0,0,0,0,0,0,0,0,0,0,0,0
