;ProductId,RN,price,begintime, endtime, Totalcount, PersonalCount,PersonalDailyCount, saleRate,cashbackRate, SaleBeginTime, SaleEndtime, tag, ItemID1,num1,day1,Accuracy,Damage,KickBack,Weight,FireRate,Ammo,Parts1,Parts2,PaintCnt,Paintid1,Paintid2,Paintid3
426021101,2866,4000,0,0,0,1,0,0,65,0,0,64,2866,1,0,0,0,0,0,0,0,0,0,0,0,0,0
426021102,2618,3600,0,0,0,1,0,0,70,0,0,0,2618,1,0,0,0,0,0,0,0,0,0,0,0,0,0
426021103,2707,3200,0,0,0,0,0,0,50,0,0,0,2707,1,0,0,0,0,0,0,0,0,0,0,0,0,0
426021104,2766,3200,0,0,0,0,0,0,50,0,0,0,2766,1,0,0,0,0,0,0,0,0,0,0,0,0,0
426021105,9187,2880,0,0,0,0,0,0,50,0,0,0,9187,1,0,0,0,0,0,0,0,0,0,0,0,0,0
426021106,9096,2880,0,0,0,0,0,0,50,0,0,0,9096,1,0,0,0,0,0,0,0,0,0,0,0,0,0
426021107,9045,2880,0,0,0,0,0,0,50,0,0,0,9045,1,0,0,0,0,0,0,0,0,0,0,0,0,0
426021108,9002,2880,0,0,0,0,0,0,50,0,0,0,9002,1,0,0,0,0,0,0,0,0,0,0,0,0,0
426021109,8835,2880,0,0,0,0,0,0,50,0,0,0,8835,1,0,0,0,0,0,0,0,0,0,0,0,0,0
426021110,9674,2560,0,0,0,0,0,0,50,0,0,0,9674,1,0,0,0,0,0,0,0,0,0,0,0,0,0
426021111,2840,2560,0,0,0,0,0,0,50,0,0,0,2840,1,0,0,0,0,0,0,0,0,0,0,0,0,0
426021112,2623,2560,0,0,0,0,0,0,50,0,0,0,2623,1,0,0,0,0,0,0,0,0,0,0,0,0,0
426021113,2653,2560,0,0,0,0,0,0,50,0,0,0,2653,1,0,0,0,0,0,0,0,0,0,0,0,0,0
426021114,9639,2560,0,0,0,0,0,0,50,0,0,0,9639,1,0,0,0,0,0,0,0,0,0,0,0,0,0
426021115,2868,2560,0,0,0,0,0,0,50,0,0,0,2868,1,0,0,0,0,0,0,0,0,0,0,0,0,0
426021116,8286,2000,0,0,0,0,0,0,50,0,0,0,8286,1,0,0,0,0,0,0,0,0,0,0,0,0,0
426021117,8523,2000,0,0,0,0,0,0,50,0,0,0,8523,1,0,0,0,0,0,0,0,0,0,0,0,0,0
426021118,2974,1850,0,0,0,0,0,0,50,0,0,0,2974,2,0,0,0,0,0,0,0,0,0,0,0,0,0
426021119,9664,1500,0,0,0,0,0,0,50,0,0,0,9664,1,0,0,0,0,0,0,0,0,0,0,0,0,0
426021120,2974,1460,0,0,0,0,0,0,50,0,0,0,2974,1,0,0,0,0,0,0,0,0,0,0,0,0,0
426021121,8133,1460,0,0,0,0,0,0,50,0,0,0,8133,1,0,0,0,0,0,0,0,0,0,0,0,0,0
426021122,8351,1460,0,0,0,0,0,0,50,0,0,0,8351,1,0,0,0,0,0,0,0,0,0,0,0,0,0
426021123,8936,1460,0,0,0,0,0,0,50,0,0,0,8936,1,0,0,0,0,0,0,0,0,0,0,0,0,0
426021124,8656,1460,0,0,0,0,0,0,50,0,0,0,8656,1,0,0,0,0,0,0,0,0,0,0,0,0,0
426021125,9666,1380,0,0,0,0,0,0,50,0,0,0,9666,1,0,0,0,0,0,0,0,0,0,0,0,0,0
426021126,2681,1360,0,0,0,0,0,0,50,0,0,0,2681,1,0,0,0,0,0,0,0,0,0,0,0,0,0
426021127,2683,1360,0,0,0,0,0,0,50,0,0,0,2683,2,0,0,0,0,0,0,0,0,0,0,0,0,0
426021128,9665,1260,0,0,0,0,0,0,35,0,0,0,9665,1,0,0,0,0,0,0,0,0,0,0,0,0,0
426021129,9667,1260,0,0,0,0,0,0,35,0,0,0,9667,1,0,0,0,0,0,0,0,0,0,0,0,0,0
426021130,2841,1260,0,0,0,0,0,0,35,0,0,0,2841,1,0,0,0,0,0,0,0,0,0,0,0,0,0
426021131,2683,1260,0,0,0,0,0,0,35,0,0,0,2683,1,0,0,0,0,0,0,0,0,0,0,0,0,0
426021132,2682,1260,0,0,0,0,0,0,35,0,0,0,2682,1,0,0,0,0,0,0,0,0,0,0,0,0,0
426021133,2764,1260,0,0,0,0,0,0,35,0,0,0,2764,1,0,0,0,0,0,0,0,0,0,0,0,0,0
426021134,2975,900,0,0,0,0,0,0,35,0,0,0,2975,5,0,0,0,0,0,0,0,0,0,0,0,0,0
426021135,2705,900,0,0,0,0,0,0,35,0,0,0,2705,1,0,0,0,0,0,0,0,0,0,0,0,0,0
426021136,2980,450,0,0,0,0,0,0,35,0,0,0,2980,1,0,0,0,0,0,0,0,0,0,0,0,0,0
426021137,2852,450,0,0,0,0,0,0,35,0,0,0,2852,1,0,0,0,0,0,0,0,0,0,0,0,0,0
426021138,2794,450,0,0,0,0,0,0,35,0,0,0,2794,1,0,0,0,0,0,0,0,0,0,0,0,0,0
426021139,2793,450,0,0,0,0,0,0,35,0,0,0,2793,1,0,0,0,0,0,0,0,0,0,0,0,0,0
426021140,2762,450,0,0,0,0,0,0,35,0,0,0,2762,1,0,0,0,0,0,0,0,0,0,0,0,0,0
426021141,2842,270,0,0,0,0,0,0,35,0,0,0,2842,1,0,0,0,0,0,0,0,0,0,0,0,0,0
426021142,2699,270,0,0,0,0,0,0,35,0,0,0,2699,1,0,0,0,0,0,0,0,0,0,0,0,0,0
426021143,2977,270,0,0,0,0,0,0,35,0,0,0,2977,1,0,0,0,0,0,0,0,0,0,0,0,0,0
426021144,2973,270,0,0,0,0,0,0,35,0,0,0,2973,1,0,0,0,0,0,0,0,0,0,0,0,0,0
426021145,8416,270,0,0,0,0,0,0,35,0,0,0,8416,1,0,0,0,0,0,0,0,0,0,0,0,0,0
426021146,8779,270,0,0,0,0,0,0,35,0,0,0,8779,1,0,0,0,0,0,0,0,0,0,0,0,0,0
426021147,2781,60,0,0,0,5,0,0,35,0,0,0,2781,1,0,0,0,0,0,0,0,0,0,0,0,0,0
426021148,2935,60,0,0,0,5,0,0,35,0,0,0,2935,1,0,0,0,0,0,0,0,0,0,0,0,0,0
426021149,2934,60,0,0,0,5,0,0,35,0,0,0,2934,1,0,0,0,0,0,0,0,0,0,0,0,0,0
426021150,2933,60,0,0,0,5,0,0,35,0,0,0,2933,1,0,0,0,0,0,0,0,0,0,0,0,0,0
426021151,2862,30,0,0,0,0,0,0,35,0,0,0,2862,1,7,0,0,0,0,0,0,0,0,0,0,0,0
426021152,2861,30,0,0,0,0,0,0,35,0,0,0,2861,1,7,0,0,0,0,0,0,0,0,0,0,0,0
426021153,9328,30,0,0,0,5,0,0,35,0,0,0,9328,1,7,0,0,0,0,0,0,0,0,0,0,0,0
426021154,9331,30,0,0,0,5,0,0,35,0,0,0,9331,1,7,0,0,0,0,0,0,0,0,0,0,0,0
426021155,8658,30,0,0,0,0,0,0,35,0,0,0,8658,1,0,0,0,0,0,0,0,0,0,0,0,0,0
426021156,5902,30,0,0,0,5,0,0,35,0,0,0,5902,5,0,0,0,0,0,0,0,0,0,0,0,0,0
426021157,5901,30,0,0,0,10,0,0,35,0,0,0,5901,5,0,0,0,0,0,0,0,0,0,0,0,0,0
426021158,5900,30,0,0,0,10,0,0,35,0,0,0,5900,5,0,0,0,0,0,0,0,0,0,0,0,0,0
426021159,8309,30,0,0,0,20,1,0,35,0,0,0,8309,1,0,0,0,0,0,0,0,0,0,0,0,0,0
426021160,8308,30,0,0,0,15,0,0,35,0,0,0,8308,5,0,0,0,0,0,0,0,0,0,0,0,0,0
426021161,6130,30,0,0,0,0,0,0,35,0,0,0,6130,30,0,0,0,0,0,0,0,0,0,0,0,0,0
426021162,5250,30,0,0,0,65,0,0,35,0,0,0,5250,2,0,0,0,0,0,0,0,0,0,0,0,0,0
426021163,8481,30,0,0,0,65,0,0,35,0,0,0,8481,1,0,0,0,0,0,0,0,0,0,0,0,0,0
426021164,8566,30,0,0,0,65,0,0,35,0,0,0,8566,2,0,0,0,0,0,0,0,0,0,0,0,0,0
426021165,2573,30,0,0,0,10,0,0,35,0,0,0,2573,1,0,0,0,0,0,0,0,0,0,0,0,0,0
426021166,2572,30,0,0,0,10,0,0,35,0,0,0,2572,2,0,0,0,0,0,0,0,0,0,0,0,0,0
