8453,2022-04-06 23:59:59,eachday
2187,2020-09-02 4:00,
2195,2020-09-02 4:00,
2196,2020-09-02 4:00,
2197,2020-09-02 4:00,
2199,2020-09-02 4:00,
2504,2020-09-02 5:00,
2523,2020-12-23 4:00,
2189,2020-10-07 4:00,
2091,2020-10-07 4:00,
2080,2020-10-28 4:00,
2509,2021-04-07 4:00,
2505,2021-04-07 4:00,
2506,2021-04-07 4:00,
2507,2021-04-07 4:00,
2508,2021-04-07 4:00,
2222,2020-11-11 4:00,
2526,2020-11-25 4:00,
2527,2020-11-25 4:00,
2528,2020-11-25 4:00,
2556,2021-07-28 4:00,
8531,2021-08-11 4:00,
8524,2021-10-27 4:00,
2577,2021-09-23 4:00,
247,2021-09-23 4:00,
2633,2021-10-13 4:00,
2636,2021-12-01 4:00,
2626,2021-12-15 4:00,
2649,2022-02-16 4:00,
2651,2022-04-06 4:00,
2617,2022-03-10 4:00,
2667,2022-05-18 4:00,
2624,2022-05-18 4:00,
2670,2022-06-29 4:00,
2671,2022-06-29 4:00,
2672,2022-06-29 4:00,
2673,2022-06-29 4:00,
2674,2022-06-29 4:00,
2525,2022-07-13 4:00,
2593,2022-07-13 4:00,
2679,2022-08-10 4:00,
2680,2022-09-07 4:00,
2668,2022-09-14 4:00,
2684,2022-10-05 4:00,
2640,2022-10-19 4:00,
251,2022-11-02 4:00,
2641,2022-11-30 4:00,
2612,2023-01-11 4:00,
2693,2023-02-08 4:00,
2648,2023-03-02 4:00,
174,2023-02-22 4:00,
2014,2023-04-05 4:00,
2015,2023-04-05 4:00,
2016,2023-04-05 4:00,
2514,2023-04-05 4:00,
2709,2023-04-19 4:00,
2712,2023-05-03 04:00,
2720,2023-08-09 04:00:00,
2718,2023-08-09 04:00:00,
2722,2023-07-26 04:00:00,
8126,2023-08-23 04:00,
2725,2023-09-20 04:00,
2726,2023-09-06 04:00,
2727,2023-09-06 04:00,
2728,2023-09-06 04:00,
2730,2023-10-04 04:00,
2620,2024-01-24 04:00,
2731,2023-11-15 04:01,
;231101
2734,2023-11-15 04:00,
2735,2023-11-15 04:00,
2736,2023-11-15 04:00,
;231213
2737,2023-12-27 04:00:00,
2738,2024-01-17 04:00:00,
2739,2024-01-17 04:00:00,
2740,2024-01-17 04:00:00,
2741,2024-01-17 04:00:00,
2742,2024-01-17 04:00:00,
;231227
2750,2024-03-13 04:00:00,
2751,2024-01-31 04:00:00,
;240124
2758,2024-02-21 04:00:00,
;240206
;240320
;240403
;240417
2775,2024-04-30 04:00:00,-07-10 04:00:00,
;240627
8898,2024-08-07 04:00,
2729,2024-08-07 04:00,
2792,2024-08-07 04:00,
2784,2024-07-24 04:00,
;240711
2597,2024-09-04 04:00,
2765,2024-09-04 04:00,
;240904
2817,2024-10-23 04:00
9116,2024-10-23 04:00
2818,2024-10-02 04:00,
2819,2024-10-02 04:00,
;241002
;241023
;241127
2825,2025-01-22 04:00,
2826,2025-01-22 04:00,
2828,2025-01-15 04:00,
;241224
2517,2025-01-22 04:00,
2753,2025-01-22 04:00
2524,2025-01-01 23:59:59,
2643,2025-02-20 04:00,
;250116
2844,2025-03-05 04:00,
2696,2025-03-12 04:00,
2697,2025-03-12 04:00,
2698,2025-03-12 04:00,
2721,2025-03-12 04:00,
2608,2025-03-05 04:00,
;250219
2659,2025-03-19 04:00,
;250319
;250430
2827,2025-01-31 23:59:59,
;250515
;250611
2856,2025-07-09 04:00,
2857,2025-07-09 04:00,
2858,2025-07-09 04:00,
2859,2025-07-09 04:00,
2860,2025-07-09 04:00,
;250709
2814,2025-09-17 04:00,
2878,2025-07-22 23:59:59,
2879,2025-07-22 23:59:59,
2880,2025-07-22 23:59:59,
2881,2025-07-22 23:59:59,
;250723
2870,2025-10-01 04:00,
2875,2025-08-05 23:59:59,
2876,2025-08-05 23:59:59,
2871,2025-09-17 04:00,
2872,2025-09-17 04:00,
2873,2025-09-17 04:00,
2874,2025-09-17 04:00,
2869,2025-09-17 04:00,
2877,2025-09-17 04:00,
2621,2025-09-17 04:00,
;250806
2908,2025-09-03 04:00,
2911,2025-09-30 23:59:59,
;251029
2642,2025-11-26 04:00,
9235,2026-02-18 04:00,
9236,2026-02-18 04:00,
9237,2026-02-18 04:00,
9238,2026-02-18 04:00,
9239,2026-02-18 04:00,
9240,2026-02-18 04:00,
9241,2026-02-18 04:00,
9242,2026-02-18 04:00,
9244,2026-02-18 04:00,
9245,2026-02-18 04:00,
9246,2026-02-18 04:00,
9251,2026-02-18 04:00,
9253,2026-02-18 04:00,
9255,2026-02-18 04:00,
9257,2026-02-18 04:00,
9258,2026-02-18 04:00,
9144,2025-11-26 04:00,
;251126
2824,2025-12-24 04:00,
;8571,2025-12-07 23:59:59,
2835,2026-01-21 04:00,
2836,2026-01-21 04:00,
2837,2026-01-21 04:00,
;251224
2941,2026-01-14 04:00,
2516,2026-01-14 04:00,
2943,2026-01-14 04:00,
2774,2026-12-24 04:00,
2607,2026-01-14 04:00,
9633,2026-01-28 04:00,
2942,2026-01-28 04:00,
;260114
2964,2026-01-20 23:59:59,
2530,2026-02-17 23:59:59,
8578,2026-02-17 23:59:59,
2965,2026-02-17 23:59:59,
2966,2026-02-17 23:59:59,
2967,2026-02-17 23:59:59,
2968,2026-02-17 23:59:59,
2959,2026-02-11 04:00:00,
2960,2026-02-11 04:00:00,
2961,2026-02-11 04:00:00,
2962,2026-02-11 04:00:00,
;260211
2990,2026-02-24 23:59:59,
2850,2026-02-24 23:59:59,
2912,2026-02-24 23:59:59,
2777,2026-02-24 23:59:59,
289,2026-04-15 05:00,
290,2026-04-15 05:00,
291,2026-04-15 05:00,
292,2026-04-15 05:00,
293,2026-04-15 05:00,
294,2026-04-15 05:00,
295,2026-04-15 05:00,
296,2026-04-15 05:00,
2843,2026-04-15 05:00,
2616,2026-04-15 05:00,
2867,2026-04-15 05:00,
2766,2026-04-15 05:00,
2623,2026-04-15 05:00,
2653,2026-04-15 05:00,
2868,2026-04-15 05:00,
2681,2026-04-15 05:00,
2683,2026-04-15 05:00,
2975,2026-04-15 05:00,
2976,2026-04-15 05:00,
2764,2026-04-15 05:00,
2705,2026-04-15 05:00,
2980,2026-04-15 05:00,
2842,2026-04-15 05:00,
2699,2026-04-15 05:00,
2977,2026-04-15 05:00,
2973,2026-04-15 05:00,
2596,2026-04-15 05:00,
2598,2026-04-15 05:00,
2984,2026-04-15 05:00,
2985,2026-04-15 05:00,
2986,2026-04-15 05:00,
2981,2026-04-15 05:00,
2982,2026-04-15 05:00,
2983,2026-04-15 05:00,
9522,2026-12-23 05:00,
9523,2026-12-23 05:00,
9524,2026-12-23 05:00,
9243,2026-12-23 05:00,
9247,2026-12-23 05:00,
9248,2026-12-23 05:00,
9249,2026-12-23 05:00,
9250,2026-12-23 05:00,
9252,2026-12-23 05:00,
9254,2026-12-23 05:00,
9256,2026-12-23 05:00,
2654,2026-04-15 05:00,
2655,2026-04-15 05:00,
2656,2026-04-15 05:00,
2657,2026-04-15 05:00,
;260304
2992,2026-04-01 05:00,
2993,2026-04-01 05:00,
2555,2026-03-04 05:00,
;260305
2563,2026-07-08 04:00,
2759,2026-07-08 04:00,
2760,2026-07-08 04:00,
2754,2026-06-24 04:00,
2755,2026-06-24 04:00,
2756,2026-06-24 04:00,
2757,2026-06-24 04:00,
2999,2026-04-15 04:00,
9707,2026-04-15 04:00,
9706,2026-04-01 04:00,
2997,2026-04-15 04:00,
2998,2026-04-15 04:00,
;260415
7201,2026-04-29 05:00,
7207,2026-05-13 05:00,
2923,2026-07-08 05:00,
2922,2026-07-08 05:00,
7208,2026-06-10 05:00,
2599,2026-06-10 05:00,

;260429

2773,2026-05-27 05:00,
2771,2026-06-10 23:59:59,

;260514
2991,2026-06-10 05:00,

7210,2026-06-10 05:00,

;260610
7215,2026-06-24 05:00,
7218,2026-07-22 05:00,
2855,2026-06-24 05:00,
7216,2026-06-24 05:00,
9184,2026-06-24 05:00,
2863,2026-06-24 05:00,
2864,2026-06-24 05:00,
2865,2026-06-24 05:00,
7212,2026-06-24 05:00,
7213,2026-06-24 05:00,
7214,2026-06-24 05:00,
2851,2026-07-08 05:00,
2752,2026-07-08 05:00,
2682,2026-07-08 05:00,
2913,2026-07-08 05:00,
2919,2026-07-08 05:00,
2920,2026-07-08 05:00,
2783,2026-07-08 05:00,
2782,2026-07-08 05:00,
2854,2026-07-08 05:00,
2852,2026-07-08 05:00,
2762,2026-07-08 05:00,
2794,2026-07-08 05:00,
2793,2026-07-08 05:00,
2916,2026-07-08 05:00,
2917,2026-07-08 05:00,
2778,2026-06-24 23:59:59,
2847,2026-06-24 23:59:59,
2849,2026-06-24 23:59:59,
2846,2026-06-24 23:59:59,
7203,2026-06-24 23:59:59,
8114,2026-07-08 05:00,
;260624
7217,2026-07-08 05:00,
