;ProductId,RN,price,begintime, endtime, Totalcount, PersonalCount,PersonalDailyCount, saleRate, SaleBeginTime, SaleEndtime, tag, ItemID1,num1,day1,ItemID2,num2,day2,ItemID3,num3,day3,ItemID4,num4,day4,ItemID5,num5,day5
25102901,2796,5000,2024-12-04 4:00,2024-12-23 23:00,0,0,5,0,0,0,64,2796,1,0,0,0,0,0,0,0,0,0,0,0,0,0
26061001,9428,1500,0,0,0,0,1,0,0,0,64,9428,1,3,0,0,0,0,0,0,0,0,0,0,0,0
26061002,8571,1000,0,0,0,0,1,0,0,0,64,8571,1,1,0,0,0,0,0,0,0,0,0,0,0,0
26061003,8566,1000,0,0,0,0,5,0,0,0,64,8566,1,0,0,0,0,0,0,0,0,0,0,0,0,0
26061004,8481,2000,0,0,0,0,1,0,0,0,64,8481,1,0,0,0,0,0,0,0,0,0,0,0,0,0
26061005,5250,500,0,0,0,0,0,0,0,0,0,5250,1,0,0,0,0,0,0,0,0,0,0,0,0,0
26061006,5250,5000,0,0,0,0,0,0,0,0,0,5250,10,0,0,0,0,0,0,0,0,0,0,0,0,0
26061007,300,500,0,0,0,0,0,0,0,0,0,300,1,0,0,0,0,0,0,0,0,0,0,0,0,0
26061008,2711,500,0,0,0,0,0,0,0,0,0,2711,10,0,0,0,0,0,0,0,0,0,0,0,0,0
26061009,59,200,0,0,0,0,1,0,0,0,64,59,1,1,0,0,0,0,0,0,0,0,0,0,0,0
26061010,8623,100,0,0,0,0,5,0,0,0,64,8623,1,1,0,0,0,0,0,0,0,0,0,0,0,0
26061011,8044,10000,0,0,0,0,0,0,0,0,1,8044,1,0,0,0,0,0,0,0,0,0,0,0,0,0
26061012,91,5000,0,0,0,0,0,0,0,0,4,91,1,0,0,0,0,0,0,0,0,0,0,0,0,0
26061013,94,5000,0,0,0,0,0,0,0,0,4,94,1,0,0,0,0,0,0,0,0,0,0,0,0,0
26061014,455,500,0,0,0,0,0,0,0,0,4,455,1,7,0,0,0,0,0,0,0,0,0,0,0,0
26061015,455,1500,0,0,0,0,0,0,0,0,4,455,1,30,0,0,0,0,0,0,0,0,0,0,0,0
